{
    "rekep_state": 1,
    "rekep_stage": 1,
    "joint_info": {
        "joint_positions": [
            0.4481656453271039,
            2.0429602493369226,
            -1.4426193465284332,
            0.22167426829579978,
            0.8941845356742549,
            0.6007597818289682
        ],
        "reset_joint_pos": [
            0.4481656453271039,
            2.0429602493369226,
            -1.4426193465284332,
            0.22167426829579978,
            0.8941845356742549,
            0.6007597818289682
        ]
    },
    "ee_info": {
        "position": [
            0.360699,
            0.190733,
            0.164748
        ],
        "orientation": [
            165.964,
            0.859,
            163.989
        ]
    },
    "gripper_info": {
        "state": 0.0
    },
    "safety_info": {
        "collision_status": "false",
        "safety_status": "normal",
        "errors": []
    },
    "control_info": {
        "control_mode": "position",
        "operation_mode": "auto"
    },
    "misc": {
        "world2robot_homo": [
            [
                0.71659986,
                -0.6894734,
                0.10540908,
                0.29309614
            ],
            [
                -0.66892568,
                -0.72216724,
                -0.17610487,
                0.49516889
            ],
            [
                0.19754261,
                0.05568588,
                -0.9787114,
                0.42916608
            ],
            [
                0.0,
                0.0,
                0.0,
                1.0
            ]
        ]
    }
}