{
    "init_keypoint_positions": [
        [
            -0.13262140984413248,
            -0.10637775289225697,
            0.39100001857150346
        ],
        [
            -0.07745294152948137,
            0.03823188362164622,
            0.3490000165766105
        ],
        [
            -0.06809760462840525,
            -0.06767986987664965,
            0.3840000182390213
        ],
        [
            0.01171185736547816,
            0.10962396994449095,
            0.32800001557916403
        ],
        [
            0.059380953458996556,
            0.008296683228874476,
            0.32800001557916403
        ],
        [
            0.08108027944228068,
            -0.07636090794354333,
            0.3620000171940774
        ],
        [
            0.13168267441390388,
            0.019795657020233892,
            0.33000001567415893
        ],
        [
            0.15803252789772568,
            -0.06244348428785178,
            0.3510000166716054
        ]
    ],
    "num_keypoints": 8,
    "keypoints_2d_coordinates": [
        [
            79,
            118
        ],
        [
            310,
            189
        ],
        [
            137,
            216
        ],
        [
            446,
            345
        ],
        [
            259,
            433
        ],
        [
            116,
            459
        ],
        [
            280,
            565
        ],
        [
            136,
            596
        ]
    ],
    "num_stages": 2,
    "grasp_keypoints": [
        4,
        -1
    ],
    "release_keypoints": [
        -1,
        4
    ]
}