{
    "timestamp": 1753345016.1208177,
    "rekep_state": 1,
    "rekep_stage": 1,
    "joint_info": {
        "joint_positions": [
            -0.04399975044277705,
            1.4307685609073915,
            -0.3270397952386975,
            -0.5015378138530906,
            -0.1654397597965425,
            0.42619195004449534
        ],
        "reset_joint_pos": [
            -0.04399975044277705,
            1.4307685609073915,
            -0.3270397952386975,
            -0.5015378138530906,
            -0.1654397597965425,
            0.42619195004449534
        ]
    },
    "ee_info": {
        "position": [
            0.2918368464774256,
            0.0046653124575528025,
            0.03785589868428277
        ],
        "orientation": [
            178.823,
            40.289,
            -177.309
        ]
    },
    "gripper_info": {
        "state": 0.0
    },
    "safety_info": {
        "collision_status": "false",
        "safety_status": "normal",
        "errors": []
    },
    "control_info": {
        "control_mode": "position",
        "operation_mode": "auto"
    },
    "misc": {
        "world2robot_homo": [
            [
                0.027370825294523393,
                0.929978526896186,
                0.3665934770760342,
                -0.07501457122774671
            ],
            [
                -0.9995967824931677,
                0.02823556710682762,
                0.0030041936460145358,
                0.0409720843363369
            ],
            [
                -0.007557139141474184,
                -0.36652788742762255,
                0.930376374047536,
                0.0437396611894427
            ],
            [
                0.0,
                0.0,
                0.0,
                1.0
            ]
        ]
    },
    "initial_position": {
        "joint_positions": [
            0.05686282702997525,
            0.6682342107110689,
            -0.8090299214694514,
            0.014678219009272311,
            1.0973583138989147,
            0.0
        ],
        "ee_position": [
            0.100024,
            0.006885,
            0.336865
        ],
        "ee_orientation": [
            3.122865270715894,
            0.7014303730840011,
            -3.0934739261123094
        ]
    },
    "raw_data": {
        "joint_angles_raw": {
            "joint_1": 3258,
            "joint_2": 38287,
            "joint_3": -46354,
            "joint_4": 841,
            "joint_5": 62874,
            "joint_6": 0,
            "unit": "0.001 degrees"
        },
        "end_pose_raw": {
            "X_axis": 100024,
            "Y_axis": 6885,
            "Z_axis": 336865,
            "RX_axis": 178927,
            "RY_axis": 40189,
            "RZ_axis": -177243,
            "position_unit": "0.001 mm",
            "orientation_unit": "0.001 degrees"
        }
    }
}