{
    "ee_action_seq": [
        [
            0.29198883784239593,
            0.00476584564239997,
            0.03799105158947236,
            -0.025647636183275313,
            0.9382695202578283,
            0.017936778822891852,
            0.34448625237999536,
            1.0
        ],
        [
            0.3122316292131078,
            0.056348073359376166,
            0.030190782375317325,
            -0.02564690083992744,
            0.938269102324546,
            0.017936086246816703,
            0.3444874815004816,
            1.0
        ],
        [
            0.33237189692110247,
            0.10800166656402532,
            0.022604550905378554,
            -0.025646866571644392,
            0.9382690828480648,
            0.01793605397156359,
            0.3444875387796153,
            1.0
        ],
        [
            0.35240964096638006,
            0.15972662525634745,
            0.015232357179656052,
            -0.025647636183275316,
            0.9382695202578283,
            0.017936778822891845,
            0.3444862523799953,
            -1.0
        ]
    ],
    "stage": 2
}