{
    "ee_action_seq": [
        [
            0.1836488060336674,
            0.013279947769068318,
            0.23740815228148363,
            -0.02580422081589052,
            0.9389063291679363,
            0.016881938984938043,
            0.34278863366889,
            -1.0
        ],
        [
            0.20810643865564568,
            0.011153558214671113,
            0.18738802013514924,
            -0.025804220815890472,
            0.9389063291679363,
            0.016881938984937915,
            0.34278863366889,
            -1.0
        ],
        [
            0.232564071277624,
            0.009027168660273921,
            0.1373678879888149,
            -0.02580422081589044,
            0.9389063291679363,
            0.016881938984937835,
            0.34278863366889006,
            -1.0
        ],
        [
            0.2570217038996022,
            0.0069007791058767415,
            0.08734775584248053,
            -0.02580422081589047,
            0.9389063291679363,
            0.01688193898493792,
            0.34278863366889006,
            -1.0
        ],
        [
            0.2814793365215805,
            0.004774389551479574,
            0.03732762369614616,
            -0.025804220815890518,
            0.9389063291679363,
            0.016881938984938047,
            0.34278863366889006,
            1.0
        ]
    ],
    "stage": 1
}