{
    "init_keypoint_positions": [
        [
            -0.2576853177861718,
            -0.1412193451990017,
            0.591
        ],
        [
            -0.2883285104286418,
            -0.2345942959411533,
            0.727
        ],
        [
            -0.2949868615536213,
            -0.1632035662682254,
            0.75
        ],
        [
            -0.0706897684348826,
            -0.06382339419414161,
            0.7000000000000001
        ],
        [
            -0.0028052882246674435,
            -0.0704314659135689,
            0.686
        ],
        [
            0.10194971259648546,
            0.10121249835807172,
            0.418
        ],
        [
            0.2045293972737724,
            -0.0049485255484040475,
            0.545
        ],
        [
            0.21724503202496306,
            -0.0989122225141206,
            0.55
        ]
    ],
    "num_keypoints": 8,
    "num_stages": 3,
    "grasp_keypoints": [
        3,
        -1,
        -1
    ],
    "release_keypoints": [
        -1,
        -1,
        3
    ]
}