{
    "rotation_matrix": [
        [
            0.03591739241332838,
            0.9987101133933169,
            -0.03588966439443531
        ],
        [
            -0.9991982511132293,
            0.03627883351255406,
            -0.01588721445159723
        ],
        [
            0.01649135739136941,
            -0.03554833211219261,
            -0.9992351975340211
        ]
    ],
    "translation_vector": [
        [
            -0.05948659275948614
        ],
        [
            0.04710978742073724
        ],
        [
            0.048863911717147386
        ]
    ]
}
