{
    "init_keypoint_positions": [
        [
            -0.29916960091969125,
            -0.12354342900302115,
            0.713
        ],
        [
            -0.3743568730497619,
            -0.332494253251018,
            0.91
        ],
        [
            -0.18181783544095909,
            -0.0590722448443452,
            0.712
        ],
        [
            -0.08570786664476926,
            0.11068330487324314,
            0.448
        ],
        [
            -0.10695840039415341,
            -0.10698326875082097,
            0.753
        ],
        [
            -0.022599983576942033,
            0.11011820241691844,
            0.437
        ],
        [
            0.03819080308753489,
            -0.10969910022330225,
            0.738
        ],
        [
            0.13661085564132042,
            -0.15331841915145147,
            0.485
        ],
        [
            0.21524810313680406,
            -0.12198001773282544,
            0.507
        ],
        [
            0.20452795204467072,
            -0.15422174241429135,
            0.457
        ]
    ],
    "num_keypoints": 10,
    "num_stages": 2,
    "grasp_keypoints": [
        3,
        -1
    ],
    "release_keypoints": [
        -1,
        3
    ]
}