{
    "position": [
        0.29309614200186607,
        0.4951688896170089,
        0.42916608455147287
    ],
    "orientation": [
        0.06269215523221539,
        0.9243211691518682,
        -0.3674045121380335,
        0.08193896747382488
    ],
    "rpy": [
        [
            -2.390589657937825,
            0.19885049243991185,
            3.084756791775996
        ]
    ]
}