{
    "position": [
        0.4424036921820015,
        0.46022179096876425,
        0.3483587853923549
    ],
    "orientation": [
        -0.2768036418424137,
        -0.8382729947453993,
        0.4563580673556482,
        0.11142461354105777
    ],
    "rpy": [
        [
            -2.1650111356546557,
            0.06588231088117642,
            2.538729563891562
        ]
    ]
}