{
    "position": [
        -0.07501457122774671,
        0.0409720843363369,
        0.0437396611894427
    ],
    "orientation": [
        -0.13110957644291263,
        0.1327482276386095,
        -0.6846112001797416,
        0.7046245039822429
    ],
    "rpy": [
        [
            -0.3752856935325557,
            0.007557211075135594,
            -1.5434213009118463
        ]
    ]
}