{
    "init_keypoint_positions": [
        [
            -0.2940220397438003,
            -0.10489941547353214,
            0.6980000000000001
        ],
        [
            -0.27665234028576124,
            -0.21328183698936035,
            0.6890000000000001
        ],
        [
            -0.14461028083429137,
            -0.03855313279915934,
            0.68
        ],
        [
            -0.09227914271637382,
            -0.04810142190989098,
            0.673
        ],
        [
            -0.09916682542289376,
            -0.0859712990936556,
            0.732
        ],
        [
            0.10304895713581869,
            -0.09384035531327993,
            0.7010000000000001
        ],
        [
            0.16169275743143374,
            -0.08885485353999739,
            0.672
        ],
        [
            0.14826099523731318,
            -0.2115531984762906,
            0.612
        ],
        [
            0.18829618985055016,
            -0.08098917969263103,
            0.605
        ],
        [
            0.17647114468714073,
            -0.20765769079206622,
            0.528
        ],
        [
            0.34319073739530304,
            -0.23082641534217788,
            0.684
        ]
    ],
    "num_keypoints": 11,
    "num_stages": 2,
    "grasp_keypoints": [
        6,
        -1
    ],
    "release_keypoints": [
        -1,
        6
    ]
}