{
    "ee_action_seq": [
        [
            0.05612700000000001,
            -7.699999999999805e-05,
            0.21326600000000004,
            0.03933692643079852,
            0.99535356513008,
            0.0034705803187698773,
            -0.0878170921522036,
            0.0
        ],
        [
            0.0951231874962978,
            0.029172064558548275,
            0.19185509567815884,
            0.0393369264307985,
            0.99535356513008,
            0.003470580318769894,
            -0.08781709215220355,
            0.0
        ],
        [
            0.13411937499259563,
            0.05842112911709655,
            0.17044419135631764,
            0.03933692643079849,
            0.99535356513008,
            0.0034705803187699137,
            -0.08781709215220353,
            0.0
        ],
        [
            0.1731155624888934,
            0.08767019367564483,
            0.14903328703447644,
            0.039336926430798475,
            0.99535356513008,
            0.003470580318769927,
            -0.08781709215220349,
            0.0
        ],
        [
            0.21211174998519122,
            0.11691925823419314,
            0.12762238271263526,
            0.03933692643079846,
            0.99535356513008,
            0.0034705803187699276,
            -0.08781709215220347,
            0.0
        ],
        [
            0.251107937481489,
            0.14616832279274142,
            0.10621147839079409,
            0.039336926430798454,
            0.99535356513008,
            0.00347058031876991,
            -0.08781709215220349,
            0.0
        ],
        [
            0.2901041249777868,
            0.17541738735128973,
            0.08480057406895292,
            0.03933692643079845,
            0.99535356513008,
            0.003470580318769879,
            -0.08781709215220351,
            0.0
        ],
        [
            0.3291003124740846,
            0.20466645190983804,
            0.06338966974711174,
            0.03933692643079845,
            0.99535356513008,
            0.0034705803187698426,
            -0.08781709215220354,
            0.0
        ],
        [
            0.3680964999703824,
            0.23391551646838638,
            0.04197876542527057,
            0.03933692643079845,
            0.99535356513008,
            0.003470580318769809,
            -0.08781709215220358,
            0.0
        ]
    ],
    "stage": 1
}