{
    "ee_action_seq": [
        [
            0.27609214862611403,
            -0.09657560880168493,
            0.034994986460647456,
            -0.026355195626584435,
            0.9393254914111724,
            0.016261453031306675,
            0.34162638948704566,
            0.0
        ],
        [
            0.28904621196885216,
            -0.0420393041146766,
            0.0347362029388325,
            -0.026355594523240204,
            0.9393229299009267,
            0.016250018375656233,
            0.3416339457701126,
            0.0
        ],
        [
            0.3019409955895409,
            0.012507738460492641,
            0.03421211407006268,
            -0.02635584711637299,
            0.9393213077655186,
            0.016242777536643896,
            0.3416387306473745,
            0.0
        ],
        [
            0.3147764994881802,
            0.06706551892382281,
            0.033422719854337986,
            -0.026355611881820094,
            0.9393228184281099,
            0.01624952077623839,
            0.34163427459367923,
            0.0
        ],
        [
            0.3275527236647702,
            0.12163403727531391,
            0.03236802029165843,
            -0.02635519562658443,
            0.9393254914111724,
            0.016261453031306678,
            0.3416263894870457,
            0.0
        ]
    ],
    "stage": 2
}